pka value,pka stddev
3.3867414474487303,0.6588937450266946